question,ground_truth,gen_output,similarity,coherence,groundedness,context_relevancy,toxicity,bias
What is the title of the first movie listed in the dataset?,Norm of the North: King Sized Adventure,The title of the first movie listed in the dataset is 'Gunslinger Girl'.,0.0915297284073859,0.85261963219329,0.0915297284073859,0.0915297284073859,"(0.0005752714932896197, 'toxic')","(0.0, 'No Bias Detected')"
Who directed the movie 'Norm of the North: King Sized Adventure'?,"Richard Finn, Tim Maltby",The movie 'Norm of the North: King Sized Adventure' was directed by Richard Finn and Tim Maltby.,0.4382595128048598,0.6316266723227036,0.4382595128048598,0.4382595128048598,"(0.0007447918760590255, 'toxic')","(0.0, 'No Bias Detected')"
What is the type of content for 'Transformers Prime'?,TV Show,'Transformers Prime' is a TV Show.,0.4821239229362201,0.2952675553824053,0.4821239229362201,0.4821239229362201,"(0.0008771836874075234, 'toxic')","(0.0, 'No Bias Detected')"
What is the release year of the movie '#realityhigh'?,2017,The movie '#realityhigh' was released in the year 2017.,0.4608549559457255,0.4697567680115259,0.4608549559457255,0.4608549559457255,"(0.0005972565268166363, 'toxic')","(0.0, 'No Bias Detected')"
Which country produced the TV Show 'Apaches'?,Spain,The TV Show 'Apaches' was produced in Spain.,0.486066330292641,0.5056055588739691,0.486066330292641,0.486066330292641,"(0.0005918550305068493, 'toxic')","(0.0, 'No Bias Detected')"
What is the most recent date a show was added to Netflix?,"September 30, 2019","The most recent date a show was added to Netflix is September 9, 2019.",0.5032963457397761,0.7736753693468769,0.5032963457397761,0.5032963457397761,"(0.0005792030715383589, 'toxic')","(0.0, 'No Bias Detected')"
What is the duration of the movie 'Automata'?,110 min,The movie 'Automata' has a duration of 110 minutes.,0.5030327498377304,0.5250790579579575,0.5030327498377304,0.5030327498377304,"(0.0006734148482792079, 'toxic')","(0.0, 'No Bias Detected')"
What genre is the movie 'Love' listed under?,"Cult Movies, Dramas, Independent Movies","The movie 'Love' is listed under several genres including Dramas, Cult Movies, Independent Movies, International Movies, Romantic Movies, Romantic TV Shows, TV Comedies, and TV Dramas.",0.4799522459878278,0.2016592652860586,0.4799522459878278,0.4799522459878278,"(0.0005820619408041239, 'toxic')","(0.0, 'No Bias Detected')"
Who are the main cast members of 'Kidnapping Mr. Heineken'?,"Jim Sturgess, Sam Worthington, Ryan Kwanten, Anthony Hopkins","The main cast members of 'Kidnapping Mr. Heineken' are Jim Sturgess, Sam Worthington, Ryan Kwanten, Anthony Hopkins, Mark van Eeuwen, Thomas Cocquerel, Jemima West, and David Dencik.",0.4172739001719658,0.406987131295357,0.4172739001719658,0.4172739001719658,"(0.0008765845559537411, 'toxic')","(0.0, 'No Bias Detected')"
What is the description of the movie 'Good People'?,A struggling couple can't believe their luck when they find a stash of money in the apartment of a neighbor who was recently murdered.,'Good People' is about a struggling couple who can't believe their luck when they find a stash of money in the apartment of a neighbor who was recently murdered.,0.5519564112045819,0.261493783581847,0.5519564112045819,0.5519564112045819,"(0.0009700126247480512, 'toxic')","(0.0, 'No Bias Detected')"
What is the rating of the movie 'Krish Trish and Baltiboy: Best Friends Forever'?,TV-Y,The movie 'Krish Trish and Baltiboy: Best Friends Forever' has a 'TV-Y' rating.,0.3218026842828223,0.6769644496145953,0.3218026842828223,0.3218026842828223,"(0.0008252020925283432, 'toxic')","(0.0, 'No Bias Detected')"
Which country produced the most content in the dataset?,United States,The United States produced the most content in the dataset.,0.470379835204103,0.72145026693481,0.470379835204103,0.470379835204103,"(0.0005672905244864523, 'toxic')","(0.0, 'No Bias Detected')"
What is the title of the first stand-up comedy movie listed?,Jandino: Whatever it Takes,The title of the first stand-up comedy movie listed is 'John Mulaney: New in Town'.,0.0915310546483221,0.7023584362996974,0.0915310546483221,0.0915310546483221,"(0.0007969572907313704, 'toxic')","(0.0, 'No Bias Detected')"
What is the earliest release year of any content in the dataset?,1925,The earliest release year of any content in the dataset is 1925.,0.4185705605878274,0.8680942667801238,0.4185705605878274,0.4185705605878274,"(0.0005553780938498676, 'toxic')","(0.0, 'No Bias Detected')"
Who directed the movie 'Cézanne et moi'?,Daniele Thompson,Daniele Thompson directed the movie 'Cézanne et moi'.,0.5163345075611551,0.6735205045780811,0.5163345075611551,0.5163345075611551,"(0.0006702390965074301, 'toxic')","(0.0, 'No Bias Detected')"
What is the duration of the show 'Transformers: Robots in Disguise'?,1 Season,The show 'Transformers: Robots in Disguise' has a duration of 1 season.,0.4677102488006093,0.6733118215873766,0.4677102488006093,0.4677102488006093,"(0.0006599384942092001, 'toxic')","(0.0, 'No Bias Detected')"
Which movie has a cast that includes Antonio Banderas?,Automata,"The movies that include Antonio Banderas in their cast are 'Automata', 'Security', 'DreamWorks Spooky Stories', 'The Laundromat', 'Spy Kids 2: The Island of Lost Dreams', 'Bullet Head', 'Philadelphia', 'The Music of Silence', 'Acts of Vengeance', and 'The Mask of Zorro'.",0.2859188027031947,0.0992976719590938,0.2859188027031947,0.2859188027031947,"(0.0007216453086584806, 'toxic')","(0.0, 'No Bias Detected')"
"What is the title of the movie with the description 'T'Challa, the superpowered new leader of the hidden, highly advanced African nation of Wakanda, strives to protect his home from enemies old and new.'?",Black Panther,The title of the movie with the given description is 'Black Panther'.,0.7507065323068209,0.54717919676709,0.7507065323068209,0.7507065323068209,"(0.0005930148181505501, 'toxic')","(0.0, 'No Bias Detected')"
What genre is 'Amanda Knox' listed under?,Documentaries,'Amanda Knox' is listed under the genre 'Documentaries'.,0.5126913410864551,0.6735205045780811,0.5126913410864551,0.5126913410864551,"(0.0006068208022043109, 'toxic')","(0.0, 'No Bias Detected')"
"Which TV show has a primary cast of 'Tony Hale, Rosamund Pike, Jordan Fisher, Chelsea Kane'?",Archibald's Next Big Thing,"The TV show with a primary cast of 'Tony Hale, Rosamund Pike, Jordan Fisher, Chelsea Kane' is ""Archibald's Next Big Thing"".",0.6399209836933045,0.6096229434041923,0.6399209836933045,0.6399209836933045,"(0.0006528102676384151, 'toxic')","(0.0, 'No Bias Detected')"
What is the description of the movie 'Article 15'?,The grim realities of caste discrimination come to light as an entitled but upright city cop ventures into India’s heartland to investigate a murder.,"The description of the movie 'Article 15' is ""The grim realities of caste discrimination come to light as an entitled but upright city cop ventures into India’s heartland to investigate a murder.""",0.7381397999407268,0.4716753441020537,0.7381397999407268,0.7381397999407268,"(0.0006533356499858201, 'toxic')","(0.0, 'No Bias Detected')"
"Which show was added on September 30, 2018?",Adam Ruins Everything,"I'm sorry, but I don't have the specific information to answer which show was added on September 30, 2018.",0.0362444333023508,0.5570837264358673,0.0362444333023508,0.0362444333023508,"(0.0005652053514495492, 'toxic')","(0.0, 'No Bias Detected')"
Who directed 'The Most Assassinated Woman in the World'?,Franck Ribière,Franck Ribière directed 'The Most Assassinated Woman in the World'.,0.5356340625501539,0.7736753693468769,0.5356340625501539,0.5356340625501539,"(0.0011026363354176283, 'toxic')","(0.0, 'No Bias Detected')"
What is the release year of the movie 'PK'?,2014,The movie 'PK' was released in the year 2014.,0.5781098733166851,0.4697567680115259,0.5781098733166851,0.5781098733166851,"(0.0006043982575647533, 'toxic')","(0.0, 'No Bias Detected')"
What is the duration of the movie '6 Years'?,80 min,The movie '6 Years' has a duration of 80 minutes.,0.447745174256644,0.5250790579579575,0.447745174256644,0.447745174256644,"(0.0006966567598283291, 'toxic')","(0.0, 'No Bias Detected')"
"Which TV show is listed under the genres 'Docuseries, Science & Nature TV'?",Battlefish,"I'm sorry, but I don't know the answer.",0.1130240479872319,0.0587036145833414,0.1130240479872319,0.1130240479872319,"(0.000759690476115793, 'toxic')","(0.0, 'No Bias Detected')"
What is the title of the movie directed by Gaspar Noé and released in 2015?,Love,The title of the movie directed by Gaspar Noé and released in 2015 is 'Love'.,0.3385693668506024,0.8901087250340664,0.3385693668506024,0.3385693668506024,"(0.0006573410355485976, 'toxic')","(0.0, 'No Bias Detected')"
What is the rating of the TV show 'Castle of Stars'?,TV-14,The rating of the TV show 'Castle of Stars' is TV-14.,0.5002319893967072,0.8615324043228932,0.5002319893967072,0.5002319893967072,"(0.0006107640801928937, 'toxic')","(0.0, 'No Bias Detected')"
What is the duration of the movie 'Bangkok Traffic (Love) Story'?,126 min,The duration of the movie 'Bangkok Traffic (Love) Story' is 126 minutes.,0.4551074939277556,0.8037311277734124,0.4551074939277556,0.4551074939277556,"(0.0005894367932341993, 'toxic')","(0.0, 'No Bias Detected')"
"Which movie is described as 'With his gift of dream interpretation and his brilliantly colored coat, Joseph inspires jealousy in his brothers in this animated Bible story.'?",Joseph: King of Dreams,"The movie described as 'With his gift of dream interpretation and his brilliantly colored coat, Joseph inspires jealousy in his brothers in this animated Bible story.' is 'Joseph: King of Dreams'.",0.7945855551880683,0.8856676874382647,0.7945855551880683,0.7945855551880683,"(0.0008379586506634951, 'toxic')","(0.0, 'No Bias Detected')"
What is the release year of 'City of Joy'?,2018,The release year of 'City of Joy' is 2018.,0.4090734367123769,0.835049905752098,0.4090734367123769,0.4090734367123769,"(0.0005704089417122304, 'toxic')","(0.0, 'No Bias Detected')"
Who directed the movie 'Hell and Back'?,"Tom Gianas, Ross R. Shuman",The movie 'Hell and Back' was directed by Tom Gianas and Ross R. Shuman.,0.413516305818946,0.5428125303374973,0.413516305818946,0.413516305818946,"(0.0025608062278479338, 'toxic')","(0.0, 'No Bias Detected')"
What is the title of the movie with the description 'Barack and Michelle Obama talk with directors Steven Bognar and Julia Reichert about the documentary and the importance of storytelling.'?,American Factory: A Conversation with the Obamas,"The title of the movie is ""American Factory: A Conversation with the Obamas.""",0.8190901335755647,0.5147349628861242,0.8190901335755647,0.8190901335755647,"(0.0006304585258476436, 'toxic')","(0.0, 'No Bias Detected')"
Which movie was released in 2013 and has a duration of 108 minutes?,The Grandmaster,"I'm sorry, but I don't have the information to answer that question.",0.0545302348490185,0.0,0.0545302348490185,0.0545302348490185,"(0.0006823039148002863, 'toxic')","(0.0, 'No Bias Detected')"
What is the genre of 'Cultivating the Seas: History and Future of the Full-Cycle Cultured Kindai Tuna'?,"Documentaries, International Movies",The genre of 'Cultivating the Seas: History and Future of the Full-Cycle Cultured Kindai Tuna' is Children & Family Movies.,0.2844224799969793,0.8655551740026607,0.2844224799969793,0.2844224799969793,"(0.000781918759457767, 'toxic')","(0.0, 'No Bias Detected')"
"Which movie has a cast that includes Shannon Purser, Kristine Froseth, RJ Cyler?",Sierra Burgess Is A Loser,"The movie that has a cast that includes Shannon Purser, Kristine Froseth, and RJ Cyler is 'Sierra Burgess Is A Loser'.",0.6197326923163772,0.5909609646165187,0.6197326923163772,0.6197326923163772,"(0.1641114354133606, 'toxic')","(0.0, 'No Bias Detected')"
What is the duration of the movie 'Manhattan Romance'?,98 min,The duration of the movie 'Manhattan Romance' is 98 minutes.,0.5053983052445721,0.7736753693468769,0.5053983052445721,0.5053983052445721,"(0.0006610025302506983, 'toxic')","(0.0, 'No Bias Detected')"
"Which movie has the genre 'Stand-Up Comedy' and was added on September 5, 2017?",Marc Maron: Too Real,"The movie 'Marc Maron: Too Real' has the genre 'Stand-Up Comedy' and was added on September 5, 2017.",0.7784105761170388,0.7399949934298338,0.7784105761170388,0.7784105761170388,"(0.0007074970635585487, 'toxic')","(0.0, 'No Bias Detected')"
What is the description of the movie 'Amanda Knox'?,She was twice convicted and acquitted of murder. Amanda Knox and the people closest to her case speak out in this illuminating documentary.,"The description of the movie 'Amanda Knox' is ""She was twice convicted and acquitted of murder. Amanda Knox and the people closest to her case speak out in this illuminating documentary.""",0.9281557191155874,0.535656757411638,0.9281557191155874,0.9281557191155874,"(0.0005688556120730937, 'toxic')","(0.0, 'No Bias Detected')"
"Which movie has a cast that includes 'Ron Perlman, Rupert Grint, Robert Sheehan'?",Moonwalkers,"The movie that has a cast that includes 'Ron Perlman, Rupert Grint, Robert Sheehan' is 'Moonwalkers'.",0.5530152072198667,0.7462974861938431,0.5530152072198667,0.5530152072198667,"(0.0007438850007019937, 'toxic')","(0.0, 'No Bias Detected')"
What is the release year of 'Shutter'?,2004,The release year of 'Shutter' is 2004.,0.4971666120083554,0.7523197619890014,0.4971666120083554,0.4971666120083554,"(0.0005942159914411604, 'toxic')","(0.0, 'No Bias Detected')"
What is the duration of the movie 'The Mayor'?,130 min,The duration of the movie 'The Mayor' is 130 minutes.,0.4953717997039356,0.8267283375553849,0.4953717997039356,0.4953717997039356,"(0.0006083391490392387, 'toxic')","(0.0, 'No Bias Detected')"
Which country produced 'The Royal House of Windsor'?,United Kingdom,'The Royal House of Windsor' was produced in the United Kingdom.,0.4446122239451099,0.5397735232222133,0.4446122239451099,0.4446122239451099,"(0.0005685143987648189, 'toxic')","(0.0, 'No Bias Detected')"
What is the duration of the movie 'Laddaland'?,112 min,The duration of the movie 'Laddaland' is 112 minutes.,0.51891118464795,0.7548969126692832,0.51891118464795,0.51891118464795,"(0.0006645790999755263, 'toxic')","(0.0, 'No Bias Detected')"
What is the genre of the movie 'Norm of the North: King Sized Adventure'?,"Children & Family Movies, Comedies",The genre of the movie 'Norm of the North: King Sized Adventure' is Children & Family Movies and Comedies.,0.5882512519878065,0.7884483188077036,0.5882512519878065,0.5882512519878065,"(0.0006613191799260676, 'toxic')","(0.0, 'No Bias Detected')"
Which movie has a description that involves 'social media celebrity'?,#realityhigh,The movie that involves 'social media celebrity' in its description is '#realityhigh'.,0.5802914479791665,0.5149138161160748,0.5802914479791665,0.5802914479791665,"(0.000638401776086539, 'toxic')","(0.0, 'No Bias Detected')"
"What is the title of the movie with a runtime of 94 minutes and was added on September 9, 2016?",Jandino: Whatever it Takes,"The movie ""Jandino: Whatever it Takes"" was added on September 9, 2016.",0.7500108030109963,0.3569742228681087,0.7500108030109963,0.7500108030109963,"(0.000580188469029963, 'toxic')","(0.0, 'No Bias Detected')"
What is the description of the movie 'Joaquín Reyes: Una y no más'?,"Comedian and celebrity impersonator Joaquín Reyes decides to be his zesty self for a night of stories about buses, bathroom habits, royalty and more.","'Joaquín Reyes: Una y no más' is about a comedian and celebrity impersonator named Joaquín Reyes. In the movie, he decides to be his zesty self for a night of stories about buses, bathroom habits, royalty and more.",0.6972635497311467,0.3583318969319928,0.6972635497311467,0.6972635497311467,"(0.0011529395123943686, 'toxic')","(0.0, 'No Bias Detected')"
"Which TV show was released in 2017 and is categorized under 'Docuseries, Science & Nature TV'?",Fire Chasers,"I'm sorry, but I don't have the information about which TV show was released in 2017 and is categorized under 'Docuseries, Science & Nature TV'.",-0.0221110542405504,0.7426027254767803,-0.0221110542405504,-0.0221110542405504,"(0.0005610424559563398, 'toxic')","(0.0, 'No Bias Detected')"
What is the genre of the movie 'Fabrizio Copano: Solo pienso en mi'?,Stand-Up Comedy,The genre of the movie 'Fabrizio Copano: Solo pienso en mi' is Stand-Up Comedy.,0.5103543995163152,0.7846808650367368,0.5103543995163152,0.5103543995163152,"(0.001965006347745657, 'toxic')","(0.0, 'No Bias Detected')"
